Area_km2_2013_01_01,bounds_ne_lat_google_2015_05_28,bounds_ne_lng_google_2015_05_28,bounds_sw_lat_google_2015_05_28,bounds_sw_lng_google_2015_05_28,Folkmängd_2015_03_31,Hav_km2_2013_01_01,Kommunkod_2011_2012,Land_km2_2013_01_01,location_lat_google_2015_05_28,location_lng_google_2015_05_28,Län_2011_2012,Namn_2011_2012,Sjö_km2_2013_01_01,Täthet_inv_km2_2013_01_01
331.55,58.1137351,12.4445669,57.8067941,12.0055011,28435,0,1440,316.51,57.988605,12.2344546,Västra Götalands län,Ale kommun,15.04,89.84
551.17,58.0869811,12.817512,57.7928401,12.3760749,39284,0,1489,472.03,57.9799652,12.5557707,Västra Götalands län,Alingsås kommun,79.14,83.22
1074.26,56.915449,14.5858261,56.886719,14.5146531,19507,0,764,974.19,56.8992104,14.5560006,Kronobergs län,Alvesta kommun,100.07,20.02
553.89,57.849852,14.8278439,57.8250111,14.789236,6429,0,604,517.76,57.838521,14.8178021,Jönköpings län,Aneby kommun,36.13,12.42
419.37,59.41416,15.9107909,59.373032,15.8011301,13655,0,1984,325.43,59.3936883,15.8381747,Västmanlands län,Arboga kommun,6,41.96
14494.09,66.0557289,17.9137616,66.03603,17.8361258,2909,0,2506,12556.77,66.0515051,17.8900543,Norrbottens län,Arjeplogs kommun,1937.32,0.23
6126.32,65.3184807,21.4001671,65.3126918,21.317374,6482,0,2505,5655.97,65.3165601,21.3567714,Norrbottens län,Arvidsjaurs kommun,470.35,1.15
1956.13,59.762078,12.7258871,59.5627009,12.162078,25718,0,1784,1649.06,59.6424649,12.4570024,Värmlands län,Arvika kommun,307.07,15.6
1019.74,58.9010429,14.926394,58.8766011,14.8942199,11152,0,1882,815.99,58.8894268,14.9109867,Örebro län,Askersunds kommun,60.88,13.67
669.08,62.280241,16.739265,59.852169,12.1331131,22163,0,2084,613.25,61.0917012,14.6663653,Dalarnas län,Avesta kommun,55.83,36.14
1059.19,59.048552,12.2483019,59.013731,12.1865241,9587,0,1460,882.93,59.028612,12.226943,Västra Götalands län,Bengtsfors kommun,176.26,10.86
6145.45,63.081067,14.878175,62.289538,12.070339,7096,0,2326,5711.34,62.7724812,14.1698666,Jämtlands län,Bergs kommun,434.11,1.24
1363.77,63.938525,19.24159,63.919804,19.1977812,2457,0,2403,1306.75,63.9304056,19.2192125,Västerbottens län,Bjurholms kommun,57.02,1.88
115.75,56.08614918,12.91614258,56.08345122,12.91344462,14882,0,1260,115.28,56.0848002,12.9147936,Skåne län,Bjuvs kommun,0.47,129.09
4285.13,65.8555831,21.781993,65.7888981,21.5470054,27839,0,2582,4007.86,65.8251188,21.6887028,Norrbottens län,Bodens kommun,277.27,6.95
282.39,57.653409,12.6190536,57.554222,12.5226181,8648,0,1443,263.19,57.6005306,12.5891024,Västra Götalands län,Bollebygds kommun,19.2,32.86
1976.7,61.377742,16.4424279,61.322606,16.3288508,26464,0,2183,1814.35,61.3483795,16.3942685,Gävleborgs län,Bollnäs kommun,162.35,14.59
3654.83,56.8868909,16.6841911,56.866457,16.6436681,10667,2972.72,885,678.65,56.8802297,16.6562355,Kalmar län,Borgholms kommun,3.46,15.72
635.81,60.539025,15.5445468,60.4135011,15.350771,50912,0,2081,583.87,60.484304,15.433969,Dalarnas län,Borlänge kommun,51.94,87.2
967.54,57.5121391,13.1120116,57.496565,13.1079961,107395,0,1490,909.9,57.5044942,13.1104746,Västra Götalands län,Borås kommun,57.64,118.03
222.32,59.2640638,17.94174,59.175961,17.7542463,89142,12.75,127,194.17,59.2459411,17.8408583,Stockholms län,Botkyrka kommun,10.06,459.09
603.87,58.210788,15.0682551,58.1803831,15.0229469,5293,0,560,525.77,58.1966895,15.0474881,Östergötlands län,Boxholms kommun,78.1,10.07
197.14,56.07593078,14.47137238,56.07323282,14.46867442,12436,11.87,1272,162.5,56.0745818,14.4700234,Skåne län,Bromölla kommun,22.77,76.53
3783.7,63.3883316,14.0160074,63.3783336,13.9839926,6500,0,2305,3408.2,63.383333,14,Jämtlands län,Bräcke kommun,375.5,1.91
19.2,55.666606,13.1406339,55.602549,13.0488918,17241,0.18,1231,18.9,55.6319129,13.096379,Skåne län,Burlövs kommun,0.12,912.22
881.9,56.42776678,12.84751458,56.42506882,12.84481662,14453,671.5,1278,209.79,56.4264178,12.8461656,Skåne län,Båstads kommun,0.61,68.89
825.43,59.2575091,12.1578899,58.750376,11.6143729,4766,0,1438,724.34,58.9743879,11.8651749,Västra Götalands län,Dals-Eds kommun,101.09,6.58
32.67,59.429869,18.0512542,59.386519,17.9916912,32286,6.12,162,26.4,59.4079049,18.019075,Stockholms län,Danderyds kommun,0.15,1222.95
433.68,59.2595339,14.4588331,59.2134479,14.3971351,9501,0,1862,383.98,59.2391027,14.4339179,Örebro län,Degerfors kommun,49.7,24.74
2939.9,64.272768,16.441826,64.2527589,16.381826,2748,0,2425,2764.92,64.2617939,16.4152338,Västerbottens län,Dorotea kommun,174.98,0.99
894.92,59.8386627,12.3326744,59.8274484,12.3006596,8478,0,1730,820.18,59.833056,12.316667,Värmlands län,Eda kommun,74.74,10.34
383.61,59.2955809,17.8639943,59.2625319,17.7235888,26770,0,125,217.68,59.2798338,17.7902246,Stockholms län,Ekerö kommun,0.61,122.98
873.29,57.777193,15.3398519,57.4969789,14.7890102,16577,0,686,799.48,57.5909402,15.0239091,Jönköpings län,Eksjö kommun,73.81,20.73
718.65,56.6358669,15.5572664,56.6235921,15.5252516,9011,0,862,689.7,56.62973,15.541259,Kalmar län,Emmaboda kommun,28.95,13.07
1323.82,59.8551211,17.59317,59.8451654,17.5511117,41248,0,381,1178.5,59.8496675,17.5726536,Uppsala län,Enköpings kommun,4.63,35
1250.49,59.4087279,16.5885638,59.327076,16.4245331,101170,0,484,1099.87,59.3712486,16.5098045,Södermanlands län,Eskilstuna kommun,18.59,91.98
424.68,55.85642,13.3347121,55.820682,13.2682741,32299,0,1285,419.06,55.8391198,13.3033914,Skåne län,Eslövs kommun,5.62,77.07
235.71,59.2620341,14.7148173,57.14008,10.9631866,5549,0,1445,234.61,58.2527926,13.0596425,Västra Götalands län,Essunga kommun,1.1,23.65
310.41,60.025489,15.8470908,59.9711851,15.7493418,13153,0,1982,269.04,59.989144,15.8166418,Västmanlands län,Fagersta kommun,41.37,48.89
1825.72,56.935332,12.585301,56.861647,12.4059,42511,669.56,1382,1108.89,56.9027333,12.4888013,Hallands län,Falkenbergs kommun,47.27,38.34
1065.78,58.19667,13.5928939,58.144402,13.512542,32238,0,1499,1044.98,58.175029,13.553217,Västra Götalands län,Falköpings kommun,20.8,30.85
2275.17,60.60910398,15.63101198,60.60640602,15.62831402,56894,0,2080,2040.13,60.607755,15.629663,Dalarnas län,Falu kommun,235.04,27.89
1711.71,59.731068,14.2008521,59.6874331,14.133836,10567,0,1782,1534.03,59.7139973,14.1698445,Värmlands län,Filipstads kommun,177.68,6.89
1215.05,58.722167,15.831963,58.6872099,15.7247072,21146,0,562,1055.28,58.7074884,15.773595,Östergötlands län,Finspångs kommun,159.77,20.04
826.04,59.070989,16.6174309,59.0409961,16.5666509,16261,0,482,718.83,59.0579376,16.5879122,Södermanlands län,Flens kommun,107.21,22.62
397.29,59.52880328,13.49059838,59.52610532,13.48790042,11347,0,1763,348.18,59.5274543,13.4892494,Värmlands län,Forshaga kommun,49.11,32.59
618.33,58.6524456,12.0560607,58.6505114,12.05402,6539,0,1439,588.98,58.6513706,12.0548287,Västra Götalands län,Färgelanda kommun,29.35,11.1
812.32,60.6632441,15.2864281,60.2714809,14.554339,10014,0,2026,767.15,60.4527768,14.8480045,Dalarnas län,Gagnefs kommun,45.17,13.05
1220.72,57.321566,13.5836202,57.280877,13.5124279,28904,0,662,1137.08,57.2985,13.54326,Jönköpings län,Gislaveds kommun,83.64,25.42
538.14,59.04988038,17.30765168,59.04718242,17.30495372,10562,0,461,461.24,59.0485314,17.3063027,Södermanlands län,Gnesta kommun,76.9,22.9
450.05,57.3696891,13.7677981,57.339139,13.7204112,9527,0,617,420.58,57.3580398,13.7371898,Jönköpings län,Gnosjö kommun,29.47,22.65
15241.07,57.9298153,19.1228588,56.9049485,18.0855621,57265,12075.53,980,3134.05,57.4684121,18.4867447,Gotlands län,Gotlands kommun,31.49,18.27
478.82,59.3724261,13.1308061,59.312291,13.0818034,8938,0,1764,386.38,59.3531787,13.1117319,Värmlands län,Grums kommun,47.87,23.13
280.66,58.3428211,12.6946609,58.3220511,12.66534,5616,0,1444,264.68,58.3340403,12.6802177,Västra Götalands län,Grästorps kommun,1.16,21.22
554.95,58.9902571,14.1240561,58.974238,14.0771162,5229,0,1447,312.89,58.985467,14.096623,Västra Götalands län,Gullspångs kommun,69.42,16.71
16818.22,68.1217059,22.5038398,66.727598,16.114486,18211,0,2523,15705.15,67.5021116,19.0487443,Norrbottens län,Gällivare kommun,1113.07,1.16
3199.84,60.74116,17.3043159,60.634524,17.0749891,98524,1417.43,2180,1613.37,60.6748796,17.1412726,Gävleborgs län,Gävle kommun,169.04,61.07
1025.37,57.6526376,11.9454514,57.6406954,11.9134366,543005,561.95,1480,447.76,57.646667,11.929444,Västra Götalands län,Göteborgs kommun,15.66,1212.71
620.74,58.536836,13.5187669,58.5116459,13.4436919,13135,0,1471,404.54,58.528002,13.491428,Västra Götalands län,Götene kommun,0.94,32.47
462.24,57.92307,14.105306,57.8931019,14.0560171,11143,0,643,328.52,57.9093094,14.0743665,Jönköpings län,Habo kommun,6.23,33.92
2000.15,60.03276268,13.70349078,60.03006472,13.70079282,11876,0,1783,1824.17,60.0314137,13.7021418,Värmlands län,Hagfors kommun,175.98,6.51
670.22,59.06672298,15.10636938,59.06402502,15.10367142,15378,0,1861,636.71,59.065374,15.1050204,Örebro län,Hallsbergs kommun,33.51,24.15
181.26,59.631391,16.262175,59.5933559,16.1949461,15600,0,1961,170.7,59.6132041,16.2294755,Västmanlands län,Hallstahammars kommun,1.61,91.39
1699.89,56.68109068,12.88518248,56.67839272,12.88248452,95774,669.03,1380,1014.13,56.6797417,12.8838335,Hallands län,Halmstads kommun,16.73,94.44
464.16,59.3659339,13.7039031,59.250805,13.4123701,15315,0,1761,39.15,59.289306,13.5177132,Värmlands län,Hammarö kommun,1.55,391.19
2160.87,59.1884394,18.167098,59.1770069,18.1350832,82676,1696.81,136,458.07,59.1827236,18.1510906,Stockholms län,Haninge kommun,5.99,180.49
1868.27,65.6408692,22.138269,65.6016965,22.1167018,9802,906.77,2583,922.76,65.621281,22.1271203,Norrbottens län,Haparanda kommun,38.74,10.62
1225.6,60.7313874,18.7711579,59.4050129,16.678336,13508,0,331,1166.81,60.0092262,17.2714589,Uppsala län,Heby kommun,58.79,11.58
928.77,60.550233,16.3922129,60.20903,15.994295,15088,0,2083,835.1,60.369005,16.1508133,Dalarnas län,Hedemora kommun,93.67,18.07
423.97,56.2350684,12.8629462,56.1836382,12.8427726,136002,78.61,1283,344.01,56.2090107,12.8557318,Skåne län,Helsingborgs kommun,1.35,395.34
509.54,58.07841678,13.02814618,58.07571882,13.02544822,9372,0,1466,497.55,58.0770678,13.0267972,Västra Götalands län,Herrljunga kommun,11.99,18.84
584.47,58.3985911,13.9252947,58.3952239,13.8815525,8875,0,1497,297.04,58.3984771,13.9030062,Västra Götalands län,Hjo kommun,5.09,29.88
445.71,60.5728501,16.3261499,60.5269281,16.2578322,9458,0,2104,409.94,60.54595,16.2841,Gävleborgs län,Hofors kommun,35.77,23.07
140.63,59.2866631,18.1764119,59.1392181,17.866803,104353,0,126,131.01,59.23633,17.9821561,Stockholms län,Huddinge kommun,8.13,796.53
4516.62,61.763567,17.1896928,61.6976729,17.0631818,36912,1772.04,2184,2488.89,61.7273909,17.107401,Gävleborgs län,Hudiksvalls kommun,255.69,14.83
1187.01,57.512664,15.867641,57.4769979,15.8108539,13712,0,860,1121.52,57.49484,15.8416513,Kalmar län,Hultsfreds kommun,65.49,12.23
1046.59,57.113513,13.6937639,56.823528,13.2398811,10374,0,1315,946.08,56.9546839,13.5284689,Hallands län,Hylte kommun,100.51,10.97
186.47,59.904146,17.7709899,59.7624129,17.5459043,20116,0,305,143.75,59.8585638,17.6389267,Uppsala län,Håbo kommun,0.37,139.94
1151.25,59.800914,14.5417381,59.76799,14.4868459,6943,0,1863,984.95,59.783688,14.5225692,Örebro län,Hällefors kommun,166.3,7.05
11859.62,62.642023,14.373635,61.7599261,12.0744849,10248,0,2361,11286.1,62.2944578,13.1942936,Jämtlands län,Härjedalens kommun,573.52,0.91
1938.58,62.63178888,17.94516378,62.62909092,17.94246582,24852,837.65,2280,1058.36,62.6304399,17.9438148,Västernorrlands län,Härnösands kommun,42.57,23.48
291.09,57.7393089,12.565781,57.588192,12.0672281,36348,0,1401,266.78,57.660155,12.2915063,Västra Götalands län,Härryda kommun,24.31,136.25
1306.27,56.186562,13.8253232,56.1373,13.7272251,50579,0,1293,1268.53,56.1589145,13.7667655,Skåne län,Hässleholms kommun,37.74,39.87
676.12,56.219599,12.5996919,56.179702,12.532773,25322,524.9,1284,150.84,56.2006388,12.5553288,Skåne län,Höganäs kommun,0.38,167.87
799.42,57.1711376,16.0422364,57.1590374,16.0102216,5752,0,821,751.11,57.165088,16.026229,Kalmar län,Högsby kommun,48.31,7.66
433.05,55.8636679,13.6816939,55.8396759,13.643817,14963,0,1266,419.41,55.851716,13.6619255,Skåne län,Hörby kommun,13.64,35.68
320,55.93341018,13.54338318,55.93071222,13.54068522,15779,0,1267,290.85,55.9320612,13.5420342,Skåne län,Höörs kommun,29.15,54.25
19334.44,66.6128031,19.904502,66.5887509,19.7951527,5093,0,2510,17614.32,66.6069609,19.8229206,Norrbottens län,Jokkmokks kommun,1720.12,0.29
63.02,59.4157427,17.8528114,59.4043863,17.8207966,71130,0,123,53.81,59.410065,17.836804,Stockholms län,Järfälla kommun,1.09,1321.87
1925.02,57.78514398,14.16297798,57.78244602,14.16028002,132349,0,680,1480.36,57.783795,14.161629,Jönköpings län,Jönköpings kommun,73.35,89.4
3712.06,65.85696488,23.14614788,65.85426692,23.14344992,16281,1807.09,2514,1807.67,65.8556159,23.1447989,Norrbottens län,Kalix kommun,97.3,9.01
1250.96,56.7283809,16.3854989,56.6465394,16.2684111,64922,290.29,880,956.9,56.6634447,16.356779,Kalmar län,Kalmar kommun,3.77,67.85
797.35,58.55556838,14.01487198,58.55287042,14.01217402,6748,0,1446,405.87,58.5542194,14.013523,Västra Götalands län,Karlsborgs kommun,77.27,16.63
832.42,56.16541688,14.89637538,56.16271892,14.89367742,31688,323.83,1082,488.68,56.1640679,14.8950264,Blekinge län,Karlshamns kommun,19.91,64.84
510.38,59.3728809,14.613586,59.295808,14.4501969,30140,0,1883,468.23,59.328634,14.536414,Örebro län,Karlskoga kommun,42.15,64.37
3338.05,56.230162,15.6912351,56.14811,15.5606735,64631,2268.38,1080,1042.21,56.161224,15.5869,Blekinge län,Karlskrona kommun,27.46,62.01
1517.74,59.38076088,13.49693258,59.37806292,13.49423462,88509,0,1780,1150.52,59.3794119,13.4955836,Värmlands län,Karlstads kommun,73.72,76.93
1189.54,59.007928,16.2507348,58.9743879,16.139623,33285,0,483,1020.19,58.9955511,16.2054756,Södermanlands län,Katrineholms kommun,94.04,32.63
406.87,59.50469948,13.31892088,59.50200152,13.31622292,11865,0,1715,359.73,59.5033505,13.3175719,Värmlands län,Kils kommun,47.14,32.98
1301.96,58.142883,16.0911802,57.8041161,15.640129,9780,0,513,1129.47,57.9535789,15.8479635,Östergötlands län,Kinda kommun,172.49,8.66
20551.42,67.8841239,20.368803,67.8232801,20.1440569,23300,0,2584,19140.33,67.8557995,20.2252821,Norrbottens län,Kiruna kommun,1411.09,1.22
379.41,56.13690128,13.12930778,56.13420332,13.12660982,16779,0,1276,374.32,56.1355523,13.1279588,Skåne län,Klippans kommun,5.09,44.83
295.12,59.7305958,17.8166104,59.7193452,17.7845956,16217,0,330,282.17,59.724971,17.800603,Uppsala län,Knivsta kommun,4.23,57.47
2892.59,62.9440551,17.8398661,62.911079,17.7247079,18348,1107.51,2282,1694.76,62.9284332,17.7862947,Västernorrlands län,Kramfors kommun,90.32,10.83
1818.24,55.565076,14.3470449,55.5562294,14.33599,81919,477.9,1290,1246.25,55.5606075,14.3412722,Skåne län,Kristianstads kommun,94.09,65.73
1384.44,59.554862,14.3613209,59.002242,13.7777539,24181,0,1781,753.12,59.2314721,14.1604548,Värmlands län,Kristinehamns kommun,40.51,32.11
6812.75,63.2289599,14.773303,63.132397,14.5108614,14649,0,2309,6155.18,63.1766832,14.6360681,Jämtlands län,Krokoms kommun,657.57,2.38
205.8,59.145353,15.1691279,59.1053329,15.111641,20994,0,1881,204.18,59.1265359,15.1401053,Örebro län,Kumla kommun,1.62,102.82
1472.94,57.5039972,12.0837738,57.5031332,12.0810775,78346,831.16,1384,606.67,57.5035562,12.0823342,Hallands län,Kungsbacka kommun,35.11,129.14
227.13,59.42396808,16.09898488,59.42127012,16.09628692,8271,0,1960,202.65,59.4226191,16.0976359,Västmanlands län,Kungsörs kommun,0.97,40.81
682.43,58.2784766,12.2716042,58.2719738,12.2495703,42408,311.74,1482,362.59,58.2772609,12.2596732,Västra Götalands län,Kungälvs kommun,8.1,116.96
292.45,55.808029,13.1518599,55.7786061,13.079571,29837,138.81,1261,152.56,55.7939999,13.1104293,Skåne län,Kävlinge kommun,1.08,195.58
644.79,59.9912688,15.8161737,59.9634925,15.7653594,25405,0,1983,604.55,59.9770336,15.7915677,Västmanlands län,Köpings kommun,26.25,42.02
963.38,56.5194049,13.0651259,56.4916209,13.0074661,23819,61.26,1381,882.96,56.5057557,13.0456048,Hallands län,Laholms kommun,19.16,26.98
300.64,55.9056341,12.8832798,55.8533971,12.810608,43629,159.65,1282,140.28,55.8703477,12.8300802,Skåne län,Landskrona kommun,0.71,311.01
737.56,59.1158679,14.840704,58.846124,14.4716149,5678,0,1860,601.97,58.9896252,14.6388738,Örebro län,Laxå kommun,135.59,9.43
481.63,59.341715,15.063121,59.046314,14.5226229,7382,0,1814,463.16,59.1653904,14.7434068,Örebro län,Lekebergs kommun,18.47,15.94
1411.96,60.5066917,15.4043873,60.5060252,15.4038171,15231,0,2029,1221.23,60.50623,15.4041053,Dalarnas län,Leksands kommun,190.73,12.47
308.38,57.77113728,12.27099938,57.76843932,12.26830142,39751,0,1441,258.61,57.7697883,12.2696504,Västra Götalands län,Lerums kommun,49.77,153.71
456.34,56.8297769,15.411291,56.6857991,15.225855,8280,0,761,412.55,56.7573602,15.318206,Kronobergs län,Lessebo kommun,43.79,20.07
51.05,59.3915493,18.2936239,59.3349147,18.0935972,45598,19.93,186,30.8,59.36296,18.1468,Stockholms län,Lidingö kommun,0.32,1480.45
1372.61,58.546194,13.2126519,58.474168,13.0831159,38792,0,1494,695.61,58.5035047,13.1570768,Västra Götalands län,Lidköpings kommun,2.5,55.77
342.37,58.147245,12.1483892,58.117071,12.1001771,13041,0,1462,316.23,58.132158,12.1241336,Västra Götalands län,Lilla Edets kommun,26.14,41.24
1480.5,59.5972573,15.2450074,59.5859618,15.2129926,23337,0,1885,1377.59,59.59161,15.229,Örebro län,Lindesbergs kommun,102.91,16.94
1568.26,58.39551438,15.56131278,58.39281642,15.55861482,152004,0,580,1427.44,58.3941654,15.5599638,Östergötlands län,Linköpings kommun,140.82,106.49
1995.13,56.856567,13.9836381,56.809782,13.8987431,27536,0,781,1747.9,56.8338774,13.9410417,Kronobergs län,Ljungby kommun,247.23,15.75
5609.84,61.83405798,16.10187718,61.83136002,16.09917922,18951,0,2161,5256.7,61.832709,16.1005282,Gävleborgs län,Ljusdals kommun,353.14,3.61
631.08,60.1056601,15.239447,59.7461571,14.6847442,4896,0,1864,575.54,59.9752934,14.8777794,Örebro län,Ljusnarsbergs kommun,55.54,8.51
90.2,55.68995,13.0975299,55.6587511,13.0547431,23049,33.86,1262,55.52,55.6706674,13.077576,Skåne län,Lomma kommun,0.82,415.15
1647.81,60.2845509,15.4390582,59.9260671,15.018307,26088,0,2085,1490.42,60.0992705,15.2371951,Dalarnas län,Ludvika kommun,157.39,17.5
4953.75,65.629758,22.3051211,65.5444445,22.057593,75921,2719.72,2580,2094.18,65.584819,22.1567026,Norrbottens län,Luleå kommun,139.85,36.25
439.91,55.7440789,13.260202,55.6695239,13.13579,116115,0,1281,427.23,55.7046601,13.1910073,Skåne län,Lunds kommun,12.68,271.79
5888.93,64.1686722,17.3886543,64.1661122,17.37378,12222,0,2481,5518.49,64.168142,17.3806303,Västerbottens län,Lycksele kommun,370.44,2.21
695.41,58.2919169,11.4768472,58.2673945,11.4183488,14324,486.12,1484,208.45,58.275573,11.435558,Västra Götalands län,Lysekils kommun,0.84,68.72
332.64,55.639951,13.1507608,55.5017314,12.8894594,319246,174.25,1280,156.87,55.604981,13.003822,Skåne län,Malmö kommun,1.52,2035.1
4312.49,60.68507038,13.71656328,60.68237242,13.71386532,9983,0,2023,4085.06,60.6837214,13.7152143,Dalarnas län,Malung-Sälens kommun,227.43,2.44
1727.48,65.1990739,18.7692682,65.1706689,18.7045171,3098,0,2418,1598.95,65.18512,18.74907,Västerbottens län,Malå kommun,128.53,1.94
1503.22,58.71113968,13.82310508,58.70844172,13.82040712,23924,0,1493,601.18,58.7097907,13.8217561,Västra Götalands län,Mariestads kommun,13.23,39.8
1013.2,57.633062,12.9576719,57.2652921,12.250487,33848,0,1463,929.25,57.4253176,12.5695216,Västra Götalands län,Marks kommun,83.95,36.43
532.83,57.238187,15.844141,56.3566439,13.2767319,9607,0,767,517.19,56.7183403,14.4114674,Kronobergs län,Markaryds kommun,15.64,18.58
944.46,58.7044745,12.4684864,58.6928805,12.4364716,8987,0,1461,516.8,58.698678,12.452479,Västra Götalands län,Melleruds kommun,47.56,17.39
557.12,58.2782271,14.6923084,58.2311362,14.6480021,26513,0,586,546.04,58.2497209,14.6543704,Östergötlands län,Mjölby kommun,11.08,48.56
3111.54,61.01049128,14.54734778,61.00779332,14.54464982,19960,0,2062,2812.56,61.0091423,14.5459988,Dalarnas län,Mora kommun,298.98,7.1
1267.23,58.5427835,15.01385,58.5401715,15.0073081,42545,0,583,983.49,58.5414775,15.0105791,Östergötlands län,Motala kommun,68.57,43.26
211.03,57.9303341,13.9049962,57.899339,13.8537402,7129,0,642,200.16,57.9165989,13.8773174,Jönköpings län,Mullsjö kommun,10.87,35.62
675.01,58.4954021,11.71191,58.449742,11.6544327,10232,7.35,1430,634.01,58.4715051,11.6801923,Västra Götalands län,Munkedals kommun,33.65,16.14
147.97,59.3834583,13.5185957,59.382169,13.5161688,3684,0,1762,141.58,59.3827781,13.5176245,Värmlands län,Munkfors kommun,6.39,26.02
152.28,57.6914934,12.0066848,57.6764804,11.9913829,63004,0,1481,145.84,57.6841241,11.999811,Västra Götalands län,Mölndals kommun,6.44,432.01
941.04,57.059597,16.4655251,57.0225089,16.4153959,13033,333.01,861,599.46,57.0415797,16.44312,Kalmar län,Mönsterås kommun,8.57,21.74
3043.42,56.530862,16.4097581,56.50701,16.371316,14481,2375.09,840,666.79,56.5237566,16.3869163,Kalmar län,Mörbylånga kommun,1.54,21.72
128.83,59.324012,18.1919651,59.2896071,18.1025549,96420,29.21,182,95.12,59.307903,18.156042,Stockholms län,Nacka kommun,4.5,1013.67
690.82,59.540297,15.045659,59.486875,14.9936099,10417,0,1884,618.49,59.5192064,15.0378667,Örebro län,Nora kommun,72.33,16.84
447.67,60.06670918,15.92554998,60.06401122,15.92285202,5725,0,1962,417.8,60.0653602,15.924201,Västmanlands län,Norbergs kommun,29.87,13.7
2525.99,62.2593851,17.6414712,61.816727,16.1284588,9462,1070.83,2132,1370.64,62.0366675,17.205249,Gävleborgs län,Nordanstigs kommun,84.52,6.9
2472.26,63.580474,19.5355647,63.56019,19.4710248,7080,1202.67,2401,1229.42,63.566667,19.5,Västerbottens län,Nordmalings kommun,40.17,5.76
2047.58,58.706099,15.8471323,58.7021904,15.7667674,135679,443.88,581,1495.05,58.7023914,15.8071836,Östergötlands län,Norrköpings kommun,108.65,90.75
5869.67,59.7786732,18.7473535,59.7391301,18.6671649,57694,3755.9,188,2016.04,59.7595841,18.7013584,Stockholms län,Norrtälje kommun,97.73,28.62
1923.58,64.9246391,19.5192788,64.902527,19.4544337,4179,0,2417,1739.45,64.9135093,19.4826413,Västerbottens län,Norsjö kommun,184.13,2.4
1201.54,56.7511302,15.9238814,56.7388928,15.8918666,19738,0,881,1171.69,56.745012,15.907874,Kalmar län,Nybro kommun,29.85,16.85
176.99,59.1957279,17.4755061,59.1510149,17.3872201,9862,0,140,152.76,59.178177,17.427816,Stockholms län,Nykvarns kommun,16.25,64.56
2066.41,58.75404578,17.00991578,58.75134782,17.00721782,53523,512.15,480,1420.84,58.7526968,17.0085668,Södermanlands län,Nyköpings kommun,133.42,37.67
1300.83,58.94371,17.9805926,58.8811081,17.9128592,27168,935.36,192,358.76,58.902926,17.9465289,Stockholms län,Nynäshamns kommun,6.71,75.73
988.49,57.65397338,14.69968878,57.65127542,14.69699082,29995,0,682,930.29,57.6526244,14.6983398,Jönköpings län,Nässjö kommun,58.2,32.24
1129.04,60.923201,16.7513458,60.8739289,16.6848041,5773,0,2101,1064.97,60.891784,16.7201873,Gävleborgs län,Ockelbo kommun,64.07,5.42
413.43,56.27941638,14.52392188,56.27671842,14.52122392,13009,0,1060,389.79,56.2780674,14.5225729,Blekinge län,Olofströms kommun,23.64,33.37
1797.39,61.158687,14.67871,61.0739521,14.583739,6784,0,2034,1730.85,61.1169365,14.6280708,Dalarnas län,Orsa kommun,66.54,3.92
882.99,58.3125169,11.8641609,58.0564579,11.3256901,15011,492.08,1421,386.52,58.1866415,11.6069189,Västra Götalands län,Orusts kommun,4.39,38.84
599.84,56.400339,14.036506,56.353252,13.9648611,12873,0,1273,576.24,56.3815355,13.9929413,Skåne län,Osby kommun,23.6,22.34
2282.72,57.2920961,16.4884022,57.239841,16.3755291,26340,1184.99,882,1049.49,57.2656993,16.4473984,Kalmar län,Oskarshamns kommun,48.24,25.1
2016.98,61.35108298,16.39503698,61.34838502,16.39233902,11467,0,2121,1873.31,61.349734,16.393688,Gävleborgs län,Ovanåkers kommun,143.67,6.12
746.54,58.67249598,17.10835398,58.66979802,17.10565602,11598,711,481,35.39,58.671147,17.107005,Södermanlands län,Oxelösunds kommun,0.15,327.72
8050.73,69.063072,24.1624078,65.060635,15.3723748,6279,0,2521,7840.19,66.8309216,20.3991966,Norrbottens län,Pajala kommun,210.54,0.8
58.98,57.774382,12.168854,57.7293309,12.0923229,36616,0,1402,56.83,57.7366497,12.1251968,Västra Götalands län,Partille kommun,2.15,644.31
161.92,55.4746061,13.0257506,55.4699345,13.0169436,7134,0,1275,158.78,55.4726302,13.0232164,Skåne län,Perstorps kommun,3.14,44.93
4680.52,65.3475283,21.5589681,65.261912,21.3986559,41438,1443.15,2581,3086.95,65.316698,21.4800364,Norrbottens län,Piteå kommun,150.42,13.42
2633.11,63.514635,16.9977869,62.9164701,15.2181678,5399,0,2303,2511.14,63.1246168,16.3665889,Jämtlands län,Ragunda kommun,121.97,2.15
2369.65,66.340329,21.6169479,63.4054636,14.2568099,6716,1056.4,2409,1292.21,65.3337311,16.5161695,Västerbottens län,Robertsfors kommun,21.04,5.2
1241.85,56.2136676,15.6124644,56.1957947,15.5874106,28312,380.01,1081,825.34,56.2054368,15.6037495,Blekinge län,Ronneby kommun,36.5,34.3
2137.79,60.9045229,15.1494699,60.8589321,15.0536739,10733,0,2031,1920.66,60.889025,15.123373,Dalarnas län,Rättviks kommun,217.13,5.59
1204.39,59.92158898,16.60785398,59.91889102,16.60515602,21905,0,1981,1166.85,59.92024,16.606505,Västmanlands län,Sala kommun,37.54,18.77
71.09,59.223043,17.7953711,59.18936,17.7080919,16201,0,128,54.09,59.2,17.766667,Stockholms län,Salems kommun,7.29,299.52
1297.07,60.62296698,16.77808018,60.62026902,16.77538222,37910,0,2181,1166.4,60.621618,16.7767312,Gävleborgs län,Sandvikens kommun,130.67,32.5
349.74,59.631673,17.7768909,59.5950224,17.6708235,44174,0,191,327.4,59.6191463,17.7234191,Stockholms län,Sigtuna kommun,4.22,134.92
1261.15,55.5767769,14.360677,55.538923,14.3260224,18852,868.72,1291,391.36,55.5573959,14.3489651,Skåne län,Simrishamns kommun,1.07,48.17
506.63,55.640587,13.859235,55.5098351,13.5171429,18449,0,1265,492.17,55.5934072,13.6977756,Skåne län,Sjöbo kommun,14.46,37.49
448.69,58.38867228,13.44141018,58.38597432,13.43871222,18735,0,1495,428.65,58.3873233,13.4400612,Västra Götalands län,Skara kommun,20.04,43.71
9955.58,64.74757608,20.95866708,64.74487812,20.95596912,71950,2782.61,2482,6802.85,64.7462271,20.9573181,Västerbottens län,Skellefteå kommun,370.12,10.58
718.18,59.83172648,15.68377748,59.82902852,15.68107952,4440,0,1904,659.43,59.8303775,15.6824285,Västmanlands län,Skinnskattebergs kommun,58.75,6.73
510.96,55.48054788,13.50235818,55.47784992,13.49966022,15159,315.79,1264,193.58,55.4791989,13.5010092,Skåne län,Skurups kommun,1.59,78.31
685.08,58.437518,13.9103311,58.3630159,13.8094438,53259,0,1496,673.68,58.3902782,13.8461208,Västra Götalands län,Skövde kommun,11.4,79.06
1057.81,60.14078608,15.41645658,60.13808812,15.41375862,10704,0,2061,947.92,60.1394371,15.4151076,Dalarnas län,Smedjebackens kommun,109.89,11.29
5761.82,63.186344,17.3297261,63.147983,17.206697,19800,0,2283,5397.82,63.1654065,17.277135,Västernorrlands län,Sollefteå kommun,364,3.67
57.98,59.4984,18.0163742,59.3929649,17.825145,69525,2.13,163,52.64,59.43911,17.94148,Stockholms län,Sollentuna kommun,3.21,1320.76
21.66,59.399706,18.0550844,59.3392301,17.9631101,74273,0.65,184,19.3,59.3688791,18.0084334,Stockholms län,Solna kommun,1.18,3848.34
7957.64,65.540059,17.5432955,65.5308172,17.5112807,2546,0,2422,7368.44,65.5354385,17.5272881,Västerbottens län,Sorsele kommun,589.2,0.35
684.37,58.502153,11.4629181,58.2854732,11.1821058,8910,544.94,1427,138.21,58.4401392,11.3614392,Västra Götalands län,Sotenäs kommun,1.22,64.47
107.28,55.6582801,13.355178,55.595168,13.1247249,22978,0,1230,106.82,55.641065,13.212229,Skåne län,Staffanstorps kommun,0.46,215.11
301.09,58.103684,11.890088,58.038663,11.7985215,25272,35.16,1415,251.91,58.0678388,11.8294346,Västra Götalands län,Stenungsunds kommun,14.02,100.32
214.63,59.4278409,18.198229,59.224443,17.7768619,914909,6.79,180,187.17,59.3293235,18.0685808,Stockholms län,Stockholms kommun,4.95,4888.12
472.71,59.5510509,14.2936792,59.523902,14.2566111,4076,0,1760,391.47,59.5332079,14.2722085,Värmlands län,Storfors kommun,81.24,10.41
8234.1,66.150592,16.716909,65.334505,14.4952551,5949,0,2421,7303.53,65.5629922,15.2948303,Västerbottens län,Storumans kommun,930.57,0.81
975.08,59.400146,17.061378,59.3436841,16.9721279,33878,0,486,739.7,59.3774523,17.0321193,Södermanlands län,Strängnäs kommun,14.88,45.8
951.83,58.3537104,11.9327617,58.3519013,11.9160773,12752,474.24,1486,467.48,58.3527396,11.9242665,Västra Götalands län,Strömstads kommun,10.11,27.28
11780.57,63.867565,15.5832661,63.839677,15.5424191,11817,0,2313,10465.08,63.8536621,15.5568691,Jämtlands län,Strömsunds kommun,1315.49,1.13
8.77,59.3574018,18.0094748,59.3548677,17.9973473,44663,0,183,8.67,59.3555208,18.0034869,Stockholms län,Sundbybergs kommun,0.07,5151.44
4444.54,62.4667477,17.3972672,62.324918,17.1873897,97392,992.32,2281,3189.61,62.390811,17.306927,Västernorrlands län,Sundsvalls kommun,262.61,30.53
1448.25,59.8543009,13.1638959,59.8222724,13.12341,13121,0,1766,1288.11,59.8365575,13.1440464,Värmlands län,Sunne kommun,160.14,10.19
368.85,59.722123,16.2481,59.689157,16.1918181,9907,0,1907,343.81,59.7072262,16.2268409,Västmanlands län,Surahammars kommun,25.04,28.82
388.62,55.92184,13.118234,55.9037431,13.088994,13452,0,1214,387.3,55.9129296,13.1018168,Skåne län,Svalövs kommun,1.32,34.73
227.12,55.527168,13.4725908,55.421128,13.1783852,20295,0,1263,218.05,55.5089084,13.2371097,Skåne län,Svedala kommun,9.07,93.07
987.15,57.510678,13.1321549,57.481103,13.0833219,10387,0,1465,919.76,57.4955715,13.1146225,Västra Götalands län,Svenljunga kommun,67.39,11.29
2497.51,59.285767,12.9374739,59.097339,12.4166587,15303,0,1785,1259.81,59.1915076,12.7599042,Värmlands län,Säffle kommun,97.41,12.15
624.51,60.9143143,15.0214846,60.9128243,15.0168691,10854,0,2082,570.33,60.9135138,15.0193019,Dalarnas län,Säters kommun,54.18,19.03
729.23,57.4117899,14.6843229,57.3825861,14.643416,11146,0,684,679.05,57.3989958,14.6658136,Jönköpings län,Sävsjö kommun,50.18,16.41
2281.32,61.30614398,17.05387498,61.30344602,17.05117702,25473,1109.51,2182,1060.77,61.304795,17.052526,Gävleborgs län,Söderhamns kommun,111.04,24.01
1325.18,58.46574468,16.35795648,58.46304672,16.35525852,14253,636.9,582,673.85,58.4643957,16.3566075,Östergötlands län,Söderköpings kommun,14.43,21.15
694.24,59.2242369,17.686328,59.145044,17.553966,92490,84.01,181,525.15,59.195363,17.625689,Stockholms län,Södertälje kommun,32.6,176.12
1106.4,56.5022141,16.0679243,55.9901428,14.3528851,16941,920.52,1083,185.31,56.2783837,15.0180058,Blekinge län,Sölvesborgs kommun,0.57,91.42
2351.35,58.910364,11.7611478,58.476428,11.0617413,12350,1396.53,1435,917.24,58.7327267,11.4578192,Västra Götalands län,Tanums kommun,37.58,13.46
236.02,58.4320959,14.1968279,58.4011629,14.119229,10869,0,1472,220.65,58.424323,14.1616418,Västra Götalands län,Tibro kommun,15.37,49.26
522.95,57.9245226,13.8825699,57.9135853,13.8716609,12611,0,1498,518.06,57.9191645,13.8777292,Västra Götalands län,Tidaholms kommun,4.89,24.34
2573.82,60.365315,17.5421131,60.3287969,17.4962908,20248,969.15,360,1547.78,60.3458956,17.516906,Uppsala län,Tierps kommun,56.89,13.08
1234.17,62.524969,17.4205651,62.469055,17.2738009,18029,411.6,2262,783.3,62.4854563,17.3248651,Västernorrlands län,Timrå kommun,39.27,23.02
1207.24,56.537858,14.9983701,56.516002,14.940799,12226,0,763,1044.88,56.5247452,14.9785342,Kronobergs län,Tingsryds kommun,162.36,11.7
845.94,58.0972847,11.7974173,57.906848,11.4397657,15149,677.78,1419,167.36,58.0410195,11.6836708,Västra Götalands län,Tjörns kommun,0.8,90.52
397.39,55.570886,13.9792422,55.5302811,13.9077371,13070,0,1270,395.94,55.54355,13.95484,Skåne län,Tomelilla kommun,1.45,33.01
4357.44,60.656962,13.4708468,60.0140351,12.460801,11972,0,1737,4162.19,60.1835706,12.9319421,Värmlands län,Torsby kommun,195.25,2.88
605.23,56.41396868,16.00011988,56.41127072,15.99742192,6921,135.29,834,468.41,56.4126197,15.9987709,Kalmar län,Torsås kommun,1.53,14.78
778.48,57.48525888,13.35211948,57.48256092,13.34942152,11574,0,1452,741.27,57.4839099,13.3507705,Västra Götalands län,Tranemo kommun,37.21,15.61
437.74,58.057912,15.01115,58.005672,14.9431549,18455,0,687,402.66,58.035518,14.975696,Jönköpings län,Tranås kommun,35.08,45.83
1175.03,55.37485678,13.15932448,55.37215882,13.15662652,43042,832.89,1287,339.87,55.3735078,13.1579755,Skåne län,Trelleborgs kommun,2.27,126.64
427.72,58.332091,12.3647059,58.244792,12.2400791,56950,0,1488,409.88,58.2834894,12.2858206,Västra Götalands län,Trollhättans kommun,17.84,138.94
664.76,58.9144399,17.5710619,58.8903629,17.5315089,11898,447.26,488,209.73,58.8985136,17.5513527,Södermanlands län,Trosa kommun,7.77,56.73
100.53,59.258714,18.3157629,59.2087207,18.1754999,45629,27.9,138,69.25,59.2425954,18.2833919,Stockholms län,Tyresö kommun,3.38,658.9
71.22,59.50914,18.1494549,59.417161,17.9831791,67519,5.19,160,60.72,59.4419,18.0703299,Stockholms län,Täby kommun,5.31,1111.97
590.32,58.7220369,14.1545551,58.6909401,14.1088791,9087,0,1473,539.85,58.7055092,14.1261468,Västra Götalands län,Töreboda kommun,50.47,16.83
733.03,58.382303,12.0143339,58.322688,11.865948,53624,82.74,1485,637.69,58.3498003,11.935649,Västra Götalands län,Uddevalla kommun,12.6,84.09
1116.71,59.2620341,14.7148173,57.14008,10.9631866,23244,0,1491,1046.02,58.2527926,13.0596425,Västra Götalands län,Ulricehamns kommun,70.69,22.22
5214.16,63.875971,20.365735,63.777877,20.118188,120058,2817.42,2480,2316.61,63.8258471,20.2630354,Västerbottens län,Umeå kommun,80.13,51.82
83.81,59.5576182,18.0040651,59.4582726,17.8572368,41883,0,114,75.09,59.51961,17.92834,Stockholms län,Upplands Väsby kommun,4.77,557.77
325.23,59.6494755,17.8308551,59.4314551,17.4796776,25370,0,139,235.47,59.5094727,17.6144117,Stockholms län,Upplands-Bro kommun,4.81,107.74
2234.47,59.904146,17.7709899,59.7624129,17.5459043,207981,0,380,2182.8,59.8585638,17.6389267,Uppsala län,Uppsala kommun,40.63,95.28
1226.66,57.018246,15.7965239,56.8305691,15.1323129,9250,0,760,1171.88,56.9373436,15.4446016,Kronobergs län,Uppvidinge kommun,54.78,7.89
413.33,58.45348908,14.90082318,58.45079112,14.89812522,7396,0,584,181.91,58.4521401,14.8994742,Östergötlands län,Vadstena kommun,26.24,40.66
858.15,57.5047019,14.1627474,57.4927111,14.1307326,13281,0,665,824.94,57.498707,14.14674,Jönköpings län,Vaggeryds kommun,33.21,16.1
2049.56,58.218258,16.6163648,58.1934421,16.572921,7686,1272.48,563,733.82,58.2024514,16.6013626,Östergötlands län,Valdemarsviks kommun,43.26,10.47
368.97,59.53162308,17.96806018,59.52892512,17.96536222,32008,0,115,358.36,59.5302741,17.9667112,Stockholms län,Vallentuna kommun,10.61,89.32
1657.35,60.5210514,14.2507974,60.5100677,14.2187826,6674,0,2021,1539.57,60.51556,14.23479,Dalarnas län,Vansbro kommun,117.78,4.33
700.44,58.2714361,12.978812,58.2537559,12.9375729,15593,0,1470,696.93,58.261781,12.960194,Västra Götalands län,Vara kommun,3.69,22.37
1703.35,57.11013958,12.25583208,57.10744162,12.25313412,60480,793.81,1383,868.71,57.1087906,12.2544831,Hallands län,Varbergs kommun,40.83,69.62
107.07,59.4564151,18.2222554,59.4308553,18.1404561,11385,48.5,187,57.88,59.452788,18.183603,Stockholms län,Vaxholms kommun,0.69,196.7
705.46,55.488096,13.043046,55.456573,13.0076679,34166,561.77,1233,142.61,55.4708928,13.0199899,Skåne län,Vellinge kommun,1.08,239.58
1600.43,57.451331,15.121841,57.3921311,15.04801,26671,0,685,1500.51,57.42746,15.08533,Jönköpings län,Vetlanda kommun,99.92,17.77
8740.5,64.2134402,17.3712367,64.1678932,17.3131354,6863,0,2462,8047.87,64.1909375,17.3430378,Västerbottens län,Vilhelmina kommun,692.63,0.85
1219.8,57.6840129,15.890071,57.652537,15.816974,15298,0,884,1140.23,57.6690339,15.858857,Kalmar län,Vimmerby kommun,79.57,13.42
2846.11,64.20325308,19.72018758,64.20055512,19.71748962,5382,0,2404,2629.37,64.2019041,19.7188386,Västerbottens län,Vindelns kommun,216.74,2.05
439.44,59.0735809,15.8961489,59.0271121,15.8532942,8896,0,428,370.27,59.046478,15.876965,Södermanlands län,Vingåkers kommun,41.55,24.03
441.22,59.2620341,14.7148173,57.14008,10.9631866,11115,0,1442,426.6,58.2527926,13.0596425,Västra Götalands län,Vårgårda kommun,14.62,26.05
898.83,58.3319379,12.2936179,58.2867996,12.2665924,37944,0,1487,642.7,58.3117155,12.2918706,Västra Götalands län,Vänersborgs kommun,23,59.04
553.7,63.90681208,19.75279948,63.90411412,19.75010152,8583,0,2460,529.49,63.9054631,19.7514505,Västerbottens län,Vännäs kommun,24.21,16.21
2980.11,59.3640911,18.462124,59.2984415,18.325353,40660,2524.41,120,448.03,59.333333,18.383333,Stockholms län,Värmdö kommun,7.67,90.75
1382.44,57.218454,14.0946799,57.160463,13.9924661,33373,0,683,1216,57.1831605,14.0478214,Jönköpings län,Värnamo kommun,166.44,27.44
3591.48,57.75961398,16.63149098,57.75691602,16.62879302,35948,1567.69,883,1871.56,57.758265,16.630142,Kalmar län,Västerviks kommun,152.23,19.21
1136.71,59.676659,16.6539362,59.572525,16.4362452,144181,0,1980,957.89,59.6099005,16.5448091,Västmanlands län,Västerås kommun,4.09,150.52
1914.25,56.8800485,14.6209858,56.8724508,14.5994842,87212,0,780,1665.51,56.8750413,14.6091742,Kronobergs län,Växjö kommun,248.74,52.36
778.62,58.0490711,15.5690311,57.702259,14.9877159,3653,0,512,675.42,57.8595195,15.2973458,Östergötlands län,Ydre kommun,103.2,5.41
1189.32,55.5459148,13.2018407,55.5283847,13.1443448,28774,834.22,1286,350.08,55.5367258,13.1726454,Skåne län,Ystads kommun,5.02,82.19
889.71,59.0759221,12.723915,59.027336,12.6741189,12422,0,1492,481.12,59.051117,12.6977323,Västra Götalands län,Åmåls kommun,52.38,25.82
3295.56,62.5332519,15.6950731,62.5126291,15.6144858,9459,0,2260,3051.36,62.5228738,15.6589419,Västernorrlands län,Ånge kommun,244.2,3.1
8236.54,63.4074583,13.1106945,63.386836,13.047816,10534,0,2321,7199.45,63.3990428,13.0815059,Jämtlands län,Åre kommun,1037.09,1.46
1653.04,59.402859,12.1648531,59.3672679,12.103345,9823,0,1765,1409.47,59.3891592,12.132717,Värmlands län,Årjängs kommun,243.57,6.97
4543.95,64.1672645,17.3699063,64.1575387,17.3378915,2822,0,2463,4223.79,64.162402,17.3538989,Västerbottens län,Åsele kommun,320.16,0.67
92.47,56.1481789,12.9761791,56.121007,12.8903391,15094,0,1277,92.22,56.134262,12.945908,Skåne län,Åstorps kommun,0.25,163.67
780.27,58.2139331,16.0214571,58.1830461,15.967212,11467,0,561,686.62,58.2021898,15.9972698,Östergötlands län,Åtvidabergs kommun,93.65,16.7
978.22,56.5571197,14.1550304,56.5448193,14.1230156,16049,0,765,890.78,56.55097,14.139023,Kronobergs län,Älmhults kommun,87.44,18.02
7142.83,62.2665581,14.354617,61.102689,12.1380692,7039,0,2039,6871.51,61.9321196,12.990459,Dalarnas län,Älvdalens kommun,271.32,1.02
614.13,60.585658,17.4660351,60.557145,17.4298978,9217,379.32,319,214.98,60.5686067,17.4489129,Uppsala län,Älvkarleby kommun,19.83,42.87
1795.24,65.690748,21.0586047,65.65638,20.9665278,8172,0,2560,1698.04,65.6771363,20.9928659,Norrbottens län,Älvsbyns kommun,97.2,4.81
478.06,56.284446,12.907386,56.220303,12.826298,40336,46.77,1292,420.06,56.245748,12.863881,Skåne län,Ängelholms kommun,11.23,96.02
511.4,57.8039719,11.713709,57.6534621,11.5190691,12602,485.54,1407,25.74,57.711741,11.6487886,Västra Götalands län,Öckerö kommun,0.12,489.59
668.99,58.238214,14.6778449,58.220175,14.6340051,5225,0,509,430.42,58.2291051,14.6530212,Östergötlands län,Ödeshögs kommun,19.84,12.14
1620.6,59.32867,15.2804088,59.227477,15.1245001,143098,0,1880,1373.15,59.2752626,15.2134105,Örebro län,Örebro kommun,50.59,104.21
329.7,56.301961,13.311899,56.266761,13.2474369,9755,0,1257,319.55,56.283635,13.278832,Skåne län,Örkelljunga kommun,10.15,30.53
8428.78,63.326957,18.7993949,63.239483,18.5708369,55285,1689.9,2284,6376.46,63.2900474,18.7166166,Västernorrlands län,Örnsköldsviks kommun,362.42,8.67
2501.08,63.2289599,14.773303,63.132397,14.5108614,60674,0,2380,2208.31,63.1766832,14.6360681,Jämtlands län,Östersunds kommun,292.77,27.48
554.46,59.600716,18.968054,59.3849541,18.1447791,41317,231.38,117,312.4,59.5000584,18.3524853,Stockholms län,Österåkers kommun,10.68,132.26
3486.4,60.26175708,18.37242068,60.25905912,18.36972272,21418,1983.58,382,1475.28,60.2604081,18.3710717,Uppsala län,Östhammars kommun,27.54,14.52
451.15,56.452628,14.378548,56.116664,13.9645249,13845,0,1256,431.96,56.2378773,14.2161662,Skåne län,Östra Göinge kommun,19.19,32.05
2919.47,69.063072,24.1624078,65.060635,15.3723748,3417,0,2513,2764.53,66.8309216,20.3991966,Norrbottens län,Överkalix kommun,154.94,1.24